<gmd:MD_Metadata xmlns:xlink="http://www.w3.org/1999/xlink" xmlns:gts="http://www.isotc211.org/2005/gts" xmlns:gml="http://www.opengis.net/gml" xmlns:gmd="http://www.isotc211.org/2005/gmd" xmlns:gco="http://www.isotc211.org/2005/gco" xmlns="http://www.isotc211.org/2005/gmd">
  <gmd:fileIdentifier>
    <gco:CharacterString>c4ed0503-3ab7-6fc2-994a-8d51716410c9</gco:CharacterString>
  </gmd:fileIdentifier>
  <gmd:language>
    <gco:CharacterString>eng</gco:CharacterString>
  </gmd:language>
  <gmd:characterSet>
    <gmd:MD_CharacterSetCode codeList="http://asdd.ga.gov.au/asdd/profileinfo/gmxCodelists.xml#MD_CharacterSetCode" codeListValue="utf8">utf8</gmd:MD_CharacterSetCode>
  </gmd:characterSet>
  <gmd:hierarchyLevel>
    <gmd:MD_ScopeCode codeList="http://asdd.ga.gov.au/asdd/profileinfo/GAScopeCodeList.xml#MD_ScopeCode" codeListValue="dataset">dataset</gmd:MD_ScopeCode>
  </gmd:hierarchyLevel>
  <gmd:hierarchyLevelName>
    <gco:CharacterString>dataset</gco:CharacterString>
  </gmd:hierarchyLevelName>
  <gmd:contact>
    <gmd:CI_ResponsibleParty>
      <gmd:individualName>
        <gco:CharacterString/>
      </gmd:individualName>
      <gmd:organisationName>
        <gco:CharacterString>Toitū Te Whenua Land Information New Zealand</gco:CharacterString>
      </gmd:organisationName>
      <gmd:positionName>
        <gco:CharacterString>Lidar Coordination Manager</gco:CharacterString>
      </gmd:positionName>
      <gmd:contactInfo>
        <gmd:CI_Contact>
          <gmd:phone>
            <gmd:CI_Telephone>
              <gmd:voice>
                <gco:CharacterString>04 4600110</gco:CharacterString>
              </gmd:voice>
            </gmd:CI_Telephone>
          </gmd:phone>
          <gmd:address>
            <gmd:CI_Address>
              <gmd:deliveryPoint>
                <gco:CharacterString>155 The Terrace</gco:CharacterString>
              </gmd:deliveryPoint>
              <gmd:city>
                <gco:CharacterString>Wellington</gco:CharacterString>
              </gmd:city>
              <gmd:postalCode>
                <gco:CharacterString>6145</gco:CharacterString>
              </gmd:postalCode>
              <gmd:country>
                <gco:CharacterString>New Zealand</gco:CharacterString>
              </gmd:country>
              <gmd:electronicMailAddress>
                <gco:CharacterString>customersupport@linz.govt.nz</gco:CharacterString>
              </gmd:electronicMailAddress>
            </gmd:CI_Address>
          </gmd:address>
        </gmd:CI_Contact>
      </gmd:contactInfo>
      <gmd:role>
        <gmd:CI_RoleCode codeList="http://asdd.ga.gov.au/asdd/profileinfo/gmxCodelists.xml#CI_RoleCode" codeListValue="pointOfContact">pointOfContact</gmd:CI_RoleCode>
      </gmd:role>
    </gmd:CI_ResponsibleParty>
  </gmd:contact>
  <gmd:dateStamp>
    <gco:Date>2020-07-20</gco:Date>
  </gmd:dateStamp>
  <gmd:metadataStandardName>
    <gco:CharacterString>ANZLIC Metadata Profile: An Australian/New Zealand Profile of AS/NZS ISO 19115:2005, Geographic information - Metadata</gco:CharacterString>
  </gmd:metadataStandardName>
  <gmd:metadataStandardVersion>
    <gco:CharacterString>1.1</gco:CharacterString>
  </gmd:metadataStandardVersion>
  <gmd:referenceSystemInfo>
    <gmd:MD_ReferenceSystem>
      <gmd:referenceSystemIdentifier>
        <gmd:RS_Identifier>
          <gmd:code>
            <gco:CharacterString>2193</gco:CharacterString>
          </gmd:code>
        </gmd:RS_Identifier>
      </gmd:referenceSystemIdentifier>
    </gmd:MD_ReferenceSystem>
  </gmd:referenceSystemInfo>
  <gmd:identificationInfo>
    <gmd:MD_DataIdentification>
      <gmd:citation>
        <gmd:CI_Citation>
          <gmd:title>
            <gco:CharacterString>Waikato - Hamilton LiDAR 1m DEM (2019)</gco:CharacterString>
          </gmd:title>
          <gmd:date>
            <gmd:CI_Date>
              <gmd:date>
                <gco:Date>2019-11-03</gco:Date>
              </gmd:date>
              <gmd:dateType>
                <gmd:CI_DateTypeCode codeList="http://asdd.ga.gov.au/asdd/profileinfo/gmxCodelists.xml#CI_DateTypeCode" codeListValue="creation">creation</gmd:CI_DateTypeCode>
              </gmd:dateType>
            </gmd:CI_Date>
          </gmd:date>
        </gmd:CI_Citation>
      </gmd:citation>
      <gmd:abstract>
        <gco:CharacterString>This layer contains the DEM for LiDAR data in the Waikato Region including Hamilton City and Ngaruawahia as well as the surronding area captured in 2019.

- The DSM is available as layer [Waikato - Hamilton LiDAR 1m DSM (2019)](https://data.linz.govt.nz/layer/104773).

- The index tiles are available as layer [Waikato - Hamilton LiDAR Index Tiles (2019)](https://data.linz.govt.nz/layer/104774).

- The LAS point cloud and vendor project reports are available from [OpenTopography](https://portal.opentopography.org/datasets?loc=New%20Zealand).

LiDAR was captured for Hamilton City Council by Aerial Surveys from 3 to 5 November 2019. These datasets were generated by Aerial Surveys and their subcontractors. Data management and distribution is by Toitū Te Whenua Land Information New Zealand.

Data comprises:

- DEM:  tif or asc tiles in NZTM2000 projection, tiled into a 1:1,000 tile layout

- DSM:  tif or asc tiles in NZTM2000 projection, tiled into a 1:1,000 tile layout

- Point cloud: las tiles in NZTM2000 projection, tiled into a 1:1,000 tile layout

Pulse density specification is at a minimum of 4.49 pulses/square metre.

Vertical datum is NZVD2016.</gco:CharacterString>
      </gmd:abstract>
      <gmd:status>
        <gmd:MD_ProgressCode codeList="http://asdd.ga.gov.au/asdd/profileinfo/gmxCodelists.xml#MD_ProgressCode" codeListValue="completed">completed</gmd:MD_ProgressCode>
      </gmd:status>
      <gmd:pointOfContact>
        <gmd:CI_ResponsibleParty>
          <gmd:individualName>
            <gco:CharacterString/>
          </gmd:individualName>
          <gmd:organisationName>
            <gco:CharacterString>Toitū Te Whenua Land Information New Zealand</gco:CharacterString>
          </gmd:organisationName>
          <gmd:positionName>
            <gco:CharacterString>Lidar Coordination Manager</gco:CharacterString>
          </gmd:positionName>
          <gmd:contactInfo>
            <gmd:CI_Contact>
              <gmd:phone>
                <gmd:CI_Telephone>
                  <gmd:voice>
                    <gco:CharacterString>04 4600110</gco:CharacterString>
                  </gmd:voice>
                  <gmd:facsimile>
                    <gco:CharacterString/>
                  </gmd:facsimile>
                </gmd:CI_Telephone>
              </gmd:phone>
              <gmd:address>
                <gmd:CI_Address>
                  <gmd:deliveryPoint>
                    <gco:CharacterString>155 The Terrace</gco:CharacterString>
                  </gmd:deliveryPoint>
                  <gmd:city>
                    <gco:CharacterString>Wellington</gco:CharacterString>
                  </gmd:city>
                  <gmd:administrativeArea>
                    <gco:CharacterString/>
                  </gmd:administrativeArea>
                  <gmd:postalCode>
                    <gco:CharacterString>6145</gco:CharacterString>
                  </gmd:postalCode>
                  <gmd:country>
                    <gco:CharacterString>New Zealand</gco:CharacterString>
                  </gmd:country>
                  <gmd:electronicMailAddress>
                    <gco:CharacterString>customersupport@linz.govt.nz</gco:CharacterString>
                  </gmd:electronicMailAddress>
                </gmd:CI_Address>
              </gmd:address>
            </gmd:CI_Contact>
          </gmd:contactInfo>
          <gmd:role>
            <gmd:CI_RoleCode codeList="http://asdd.ga.gov.au/asdd/profileinfo/gmxCodelists.xml#CI_RoleCode" codeListValue="pointOfContact">pointOfContact</gmd:CI_RoleCode>
          </gmd:role>
        </gmd:CI_ResponsibleParty>
      </gmd:pointOfContact>
      <gmd:resourceMaintenance>
        <gmd:MD_MaintenanceInformation>
          <gmd:maintenanceAndUpdateFrequency>
            <gmd:MD_MaintenanceFrequencyCode codeList="http://asdd.ga.gov.au/asdd/profileinfo/gmxCodelists.xml#MD_MaintenanceFrequencyCode" codeListValue="notPlanned">notPlanned</gmd:MD_MaintenanceFrequencyCode>
          </gmd:maintenanceAndUpdateFrequency>
        </gmd:MD_MaintenanceInformation>
      </gmd:resourceMaintenance>
      <gmd:resourceFormat>
        <gmd:MD_Format>
          <gmd:name>
            <gco:CharacterString>*.xml</gco:CharacterString>
          </gmd:name>
          <gmd:version>
            <gco:CharacterString>Unknown</gco:CharacterString>
          </gmd:version>
        </gmd:MD_Format>
      </gmd:resourceFormat>
      <gmd:descriptiveKeywords>
        <gmd:MD_Keywords>
          <gmd:keyword>
            <gco:CharacterString>New Zealand</gco:CharacterString>
          </gmd:keyword>
          <gmd:type>
            <gmd:MD_KeywordTypeCode codeList="http://asdd.ga.gov.au/asdd/profileinfo/gmxCodelists.xml#MD_KeywordTypeCode" codeListValue="theme">theme</gmd:MD_KeywordTypeCode>
          </gmd:type>
          <gmd:thesaurusName>
            <gmd:CI_Citation>
              <gmd:title>
                <gco:CharacterString>ANZLIC Jurisdictions</gco:CharacterString>
              </gmd:title>
              <gmd:date>
                <gmd:CI_Date>
                  <gmd:date>
                    <gco:Date>2008-10-29</gco:Date>
                  </gmd:date>
                  <gmd:dateType>
                    <gmd:CI_DateTypeCode codeList="http://asdd.ga.gov.au/asdd/profileinfo/gmxCodelists.xml#CI_DateTypeCode" codeListValue="revision">revision</gmd:CI_DateTypeCode>
                  </gmd:dateType>
                </gmd:CI_Date>
              </gmd:date>
              <gmd:edition>
                <gco:CharacterString>Version 2.1</gco:CharacterString>
              </gmd:edition>
              <gmd:editionDate>
                <gco:Date>2008-10-29</gco:Date>
              </gmd:editionDate>
              <gmd:identifier>
                <gmd:MD_Identifier>
                  <gmd:code>
                    <gco:CharacterString>http://asdd.ga.gov.au/asdd/profileinfo/anzlic-jurisdic.xml#anzlic-jurisdic</gco:CharacterString>
                  </gmd:code>
                </gmd:MD_Identifier>
              </gmd:identifier>
              <gmd:citedResponsibleParty>
                <gmd:CI_ResponsibleParty>
                  <gmd:organisationName>
                    <gco:CharacterString>ANZLIC the Spatial Information Council</gco:CharacterString>
                  </gmd:organisationName>
                  <gmd:role>
                    <gmd:CI_RoleCode codeList="http://asdd.ga.gov.au/asdd/profileinfo/gmxCodelists.xml#CI_RoleCode" codeListValue="custodian">custodian</gmd:CI_RoleCode>
                  </gmd:role>
                </gmd:CI_ResponsibleParty>
              </gmd:citedResponsibleParty>
            </gmd:CI_Citation>
          </gmd:thesaurusName>
        </gmd:MD_Keywords>
      </gmd:descriptiveKeywords>
      <gmd:resourceConstraints>
        <gmd:MD_SecurityConstraints>
          <gmd:classification>
            <gmd:MD_ClassificationCode codeList="http://asdd.ga.gov.au/asdd/profileinfo/gmxCodelists.xml#MD_ClassificationCode" codeListValue="unclassified">unclassified</gmd:MD_ClassificationCode>
          </gmd:classification>
        </gmd:MD_SecurityConstraints>
      </gmd:resourceConstraints>
      <gmd:resourceConstraints>
        <gmd:MD_LegalConstraints>
          <gmd:useLimitation>
            <gco:CharacterString>Copyright of this work is owned by Hamilton City Council
© Hamilton City Council</gco:CharacterString>
          </gmd:useLimitation>
          <gmd:useConstraints>
            <gmd:MD_RestrictionCode codeList="http://asdd.ga.gov.au/asdd/profileinfo/gmxCodelists.xml#MD_RestrictionCode" codeListValue="copyright">copyright</gmd:MD_RestrictionCode>
          </gmd:useConstraints>
        </gmd:MD_LegalConstraints>
      </gmd:resourceConstraints>
      <gmd:resourceConstraints>
        <gmd:MD_LegalConstraints>
          <gmd:useLimitation>
            <gco:CharacterString>Released by LINZ under Creative Commons Attribution 4.0 New Zealand (CC BY 4.0) with:

Following Attribution:
"Sourced from the LINZ Data Service and licensed by Hamilton City Council, for re-use under CC BY 4.0."
For details see: https://www.linz.govt.nz/data/licensing-and-using-data/attributing-elevation-or-aerial-imagery-data</gco:CharacterString>
          </gmd:useLimitation>
          <gmd:useConstraints>
            <gmd:MD_RestrictionCode codeList="http://asdd.ga.gov.au/asdd/profileinfo/gmxCodelists.xml#MD_RestrictionCode" codeListValue="license">license</gmd:MD_RestrictionCode>
          </gmd:useConstraints>
        </gmd:MD_LegalConstraints>
      </gmd:resourceConstraints>
      <gmd:spatialRepresentationType>
        <gmd:MD_SpatialRepresentationTypeCode codeList="http://asdd.ga.gov.au/asdd/profileinfo/gmxCodelists.xml#MD_SpatialRepresentationTypeCode" codeListValue="grid">grid</gmd:MD_SpatialRepresentationTypeCode>
      </gmd:spatialRepresentationType>
      <gmd:spatialResolution>
        <gmd:MD_Resolution>
          <gmd:equivalentScale>
            <gmd:MD_RepresentativeFraction>
              <gmd:denominator>
                <gco:Integer>1000</gco:Integer>
              </gmd:denominator>
            </gmd:MD_RepresentativeFraction>
          </gmd:equivalentScale>
        </gmd:MD_Resolution>
      </gmd:spatialResolution>
      <gmd:language>
        <gco:CharacterString>eng</gco:CharacterString>
      </gmd:language>
      <gmd:characterSet>
        <gmd:MD_CharacterSetCode codeList="http://asdd.ga.gov.au/asdd/profileinfo/gmxCodelists.xml#MD_CharacterSetCode" codeListValue="utf8">utf8</gmd:MD_CharacterSetCode>
      </gmd:characterSet>
      <gmd:topicCategory>
        <gmd:MD_TopicCategoryCode>elevation</gmd:MD_TopicCategoryCode>
      </gmd:topicCategory>
      <gmd:extent>
        <gmd:EX_Extent>
          <gmd:geographicElement>
            <gmd:EX_GeographicDescription>
              <gmd:geographicIdentifier>
                <gmd:MD_Identifier>
                  <gmd:authority>
                    <gmd:CI_Citation>
                      <gmd:title>
                        <gco:CharacterString>ANZMet Lite Country codelist</gco:CharacterString>
                      </gmd:title>
                      <gmd:date>
                        <gmd:CI_Date>
                          <gmd:date>
                            <gco:Date>2009-03-31</gco:Date>
                          </gmd:date>
                          <gmd:dateType>
                            <gmd:CI_DateTypeCode codeList="http://asdd.ga.gov.au/asdd/profileinfo/gmxCodelists.xml#CI_DateTypeCode" codeListValue="publication">publication</gmd:CI_DateTypeCode>
                          </gmd:dateType>
                        </gmd:CI_Date>
                      </gmd:date>
                      <gmd:edition>
                        <gco:CharacterString>Version 1.0</gco:CharacterString>
                      </gmd:edition>
                      <gmd:editionDate>
                        <gco:Date>2009-03-31</gco:Date>
                      </gmd:editionDate>
                      <gmd:identifier>
                        <gmd:MD_Identifier>
                          <gmd:code>
                            <gco:CharacterString>http://asdd.ga.gov.au/asdd/profileinfo/anzlic-country.xml#Country</gco:CharacterString>
                          </gmd:code>
                        </gmd:MD_Identifier>
                      </gmd:identifier>
                      <gmd:citedResponsibleParty>
                        <gmd:CI_ResponsibleParty>
                          <gmd:organisationName>
                            <gco:CharacterString>ANZLIC the Spatial Information Council</gco:CharacterString>
                          </gmd:organisationName>
                          <gmd:role>
                            <gmd:CI_RoleCode codeList="http://asdd.ga.gov.au/asdd/profileinfo/gmxCodelists.xml#CI_RoleCode" codeListValue="custodian">custodian</gmd:CI_RoleCode>
                          </gmd:role>
                        </gmd:CI_ResponsibleParty>
                      </gmd:citedResponsibleParty>
                    </gmd:CI_Citation>
                  </gmd:authority>
                  <gmd:code>
                    <gco:CharacterString>nzl</gco:CharacterString>
                  </gmd:code>
                </gmd:MD_Identifier>
              </gmd:geographicIdentifier>
            </gmd:EX_GeographicDescription>
          </gmd:geographicElement>
        </gmd:EX_Extent>
      </gmd:extent>
      <gmd:extent>
        <gmd:EX_Extent>
          <gmd:geographicElement>
            <gmd:EX_GeographicBoundingBox>
              <gmd:westBoundLongitude>
                <gco:Decimal>175.12729091470814</gco:Decimal>
              </gmd:westBoundLongitude>
              <gmd:eastBoundLongitude>
                <gco:Decimal>175.38485879842992</gco:Decimal>
              </gmd:eastBoundLongitude>
              <gmd:southBoundLatitude>
                <gco:Decimal>-37.89392841225706</gco:Decimal>
              </gmd:southBoundLatitude>
              <gmd:northBoundLatitude>
                <gco:Decimal>-37.64341551039742</gco:Decimal>
              </gmd:northBoundLatitude>
            </gmd:EX_GeographicBoundingBox>
          </gmd:geographicElement>
        </gmd:EX_Extent>
      </gmd:extent>
    </gmd:MD_DataIdentification>
  </gmd:identificationInfo>
  <gmd:distributionInfo>
    <gmd:MD_Distribution>
      <gmd:transferOptions>
        <gmd:MD_DigitalTransferOptions>
          <gmd:onLine>
            <gmd:CI_OnlineResource>
              <gmd:linkage>
                <gmd:URL>https://data.linz.govt.nz/layer/104772-waikato-hamilton-lidar-1m-dem-2019/</gmd:URL>
              </gmd:linkage>
            </gmd:CI_OnlineResource>
          </gmd:onLine>
        </gmd:MD_DigitalTransferOptions>
      </gmd:transferOptions>
    </gmd:MD_Distribution>
  </gmd:distributionInfo>
  <gmd:dataQualityInfo>
    <gmd:DQ_DataQuality>
      <gmd:scope>
        <gmd:DQ_Scope>
          <gmd:level>
            <gmd:MD_ScopeCode codeList="http://asdd.ga.gov.au/asdd/profileinfo/gmxCodelists.xml#MD_ScopeCode" codeListValue="dataset">dataset</gmd:MD_ScopeCode>
          </gmd:level>
          <gmd:levelDescription>
            <gmd:MD_ScopeDescription>
              <gmd:other>
                <gco:CharacterString>dataset</gco:CharacterString>
              </gmd:other>
            </gmd:MD_ScopeDescription>
          </gmd:levelDescription>
        </gmd:DQ_Scope>
      </gmd:scope>
      <gmd:lineage>
        <gmd:LI_Lineage>
          <gmd:statement>
            <gco:CharacterString>Data Acquisition:
Airborne Laser Scanner (ALS) data was acquired from a fixed wing aircraft from 3 to 5 November 2019, using Aerial Surveys Optech Galaxy Prime LiDAR system.

Survey Specification:
- Scanner: Optech Galaxy Prime
- Flying Height: 1725 m AMGL
- Scan Angle: ±20 degrees
- Scan Frequency: 65.0Hz
- Pulse Rate: 400kHz
- Swath Overlap: 55%
- Points Per M2: 4.49

Data Processing:

The LiDAR sensor positioning and orientation (POS) was determined using the collected GPS/IMU datasets and Applanix POSPac software.

Base Station Positions: PP-RTX

The POS data was combined with the LiDAR range files and used to generate LIDAR point clouds in NZTM and ellipsoidal heights. This process was undertaken using Optech LMS LiDAR processing software. The data was checked for completeness of coverage. The relative fit of data in the overlap between strips was also checked.

The height accuracy of the ground classified LiDAR points was checked using open land-cover survey check site data collected by Sounds Surveying Ltd.  This was done by calculating height differences statistics between a TIN of the LiDAR ground points and the checkpoints.  The standard deviation statistic is 0.029m; a RMS of 0.029m and the average difference is 0.002m.  LiDAR is relative to the control check points.

The positional accuracy of the LiDAR data has been checked by overlaying Sounds Surveying Ltd surveyed data over the LiDAR data displayed coded by intensity.  The data was found to fit well in position.

The point cloud data was then classified withTerraSolid LiDAR processing software into ground and above ground returns using automated routines tailored to the project landcover and terrain.

All product deliverables supplied in terms of NZTM map projection and NZVD2016 vertical datum.

Classification of the point cloud followed the classification scheme below:
1 - Unclassified
2 - Ground
3 - Low Vegetation
4 - Medium Vegetation
5 - High Vegetation
6 - Building
7 - Low Noise (Noise)
9 - Water
12 - Overlap
14 - Above Ground
17 - Bridge Deck
18 - High Noise

Above_Ground (14) points was reclassified by LINZ as Unassigned classification (1), and Bridge (10) points was reclassified by LINZ as (17) Bridge Deck before providing the classified point cloud data to Open Topography.

Lakes and large rivers were hydroflattened in the Bare Earth Digital Elevation Model.

The deliverables to LINZ were:

1m gridded bare earth digital elevation model (DEM)
1m gridded digital surface model (DSM)
Classified point cloud</gco:CharacterString>
          </gmd:statement>
        </gmd:LI_Lineage>
      </gmd:lineage>
    </gmd:DQ_DataQuality>
  </gmd:dataQualityInfo>
  <gmd:metadataConstraints>
    <gmd:MD_LegalConstraints>
      <gmd:useLimitation>
        <gco:CharacterString>Copyright of this work is owned by Toitū Te Whenua Land Information New Zealand

© LINZ</gco:CharacterString>
      </gmd:useLimitation>
      <gmd:useConstraints>
        <gmd:MD_RestrictionCode codeList="http://asdd.ga.gov.au/asdd/profileinfo/gmxCodelists.xml#MD_RestrictionCode" codeListValue="copyright">copyright</gmd:MD_RestrictionCode>
      </gmd:useConstraints>
    </gmd:MD_LegalConstraints>
  </gmd:metadataConstraints>
  <gmd:metadataConstraints>
    <gmd:MD_LegalConstraints>
      <gmd:useLimitation>
        <gco:CharacterString>Released by LINZ under Creative Commons Attribution 4.0 International (CC BY 4.0) with:

Following Attribution:

"Sourced from the LINZ Data Service and licensed for reuse under CC BY 4.0"

For details see https://www.linz.govt.nz/data/licensing-and-using-data/attributing-linz-data</gco:CharacterString>
      </gmd:useLimitation>
      <gmd:useConstraints>
        <gmd:MD_RestrictionCode codeList="http://asdd.ga.gov.au/asdd/profileinfo/gmxCodelists.xml#MD_RestrictionCode" codeListValue="license">license</gmd:MD_RestrictionCode>
      </gmd:useConstraints>
    </gmd:MD_LegalConstraints>
  </gmd:metadataConstraints>
</gmd:MD_Metadata>